time,operating_hours,fuel_consumption(liter),engine_id
2017-12-19,3726,3404.8,8331744407
2017-12-20,3746,3865.6,8331744407
2017-12-21,3748,3891.2,8331744407
2017-12-22,3768,3840,8331744407
2017-12-23,3776,3891.2,8331744407
2017-12-24,3786,3891.2,8331744407
2017-12-25,3796,3891.2,8331744407
2017-12-26,3807,3891.2,8331744407
2017-12-27,3822,3891.2,8331744407
2017-12-28,3840,3891.2,8331744407
2017-12-29,3855,3891.2,8331744407
2017-12-30,3855,3891.2,8331744407
2017-12-31,3894,3865.6,8331744407
2018-01-01,3896,3865.6,8331744407
2018-01-02,3905,3891.2,8331744407
2018-01-03,3912,3891.2,8331744407
2018-01-04,3929,3891.2,8331744407
2018-01-05,3947,3891.2,8331744407
2018-01-06,3965,3891.2,8331744407
2018-01-07,3983,3891.2,8331744407
2018-01-08,4002,3891.2,8331744407
2018-01-09,4021,3891.2,8331744407
2018-01-10,4033,3865.6,8331744407
2018-01-11,4052,3865.6,8331744407
2018-01-12,4068,3891.2,8331744407
2018-01-13,4080,3891.2,8331744407
2018-01-14,4092,3891.2,8331744407
2018-01-15,4101,3865.6,8331744407
2018-01-16,4118,3891.2,8331744407
2018-01-17,4128,3891.2,8331744407
2018-01-18,4143,3891.2,8331744407
2018-01-19,4148,3840,8331744407
2018-01-20,4148,3840,8331744407
2018-01-21,4148,3840,8331744407
2018-01-22,4148,3840,8331744407
2018-01-23,4148,3840,8331744407
2018-01-24,4148,3840,8331744407
2018-01-25,4148,3840,8331744407
2018-01-26,4148,3840,8331744407
2018-01-27,4148,3840,8331744407
2018-01-28,4148,3840,8331744407
2018-01-29,4148,3840,8331744407
2018-01-30,4148,3840,8331744407
2018-01-31,4348,3148.8,8331744407
2018-02-01,4364,3891.2,8331744407
2018-02-02,4383,3865.6,8331744407
2018-02-03,4401,3916.8,8331744407
2018-02-04,4420,3865.6,8331744407
2018-02-05,4433,3891.2,8331744407
2018-02-06,4452,3891.2,8331744407
2018-02-07,4470,3891.2,8331744407
2018-02-08,4489,3891.2,8331744407
2018-02-09,4508,3865.6,8331744407
2018-02-10,4527,3865.6,8331744407
2018-02-11,4546,3865.6,8331744407
2018-02-12,4565,3865.6,8331744407
2018-02-13,4585,3865.6,8331744407
2018-02-14,4604,3891.2,8331744407
2018-02-15,4624,3891.2,8331744407
2018-02-16,4635,3891.2,8331744407
2018-02-17,4635,3891.2,8331744407
2018-02-18,4635,3891.2,8331744407
2018-02-19,4635,3891.2,8331744407
2018-02-20,4635,3891.2,8331744407
2018-02-21,4635,3891.2,8331744407
2018-02-22,4635,3891.2,8331744407
2018-02-23,4635,3891.2,8331744407
2018-02-24,4635,3891.2,8331744407
2018-02-25,4635,3891.2,8331744407
2018-02-26,4635,3891.2,8331744407
2018-02-27,4635,3891.2,8331744407
2018-02-28,4858,3328,8331744407
2018-03-01,4877,3865.6,8331744407
2018-03-02,4888,3865.6,8331744407
2018-03-03,4907,3865.6,8331744407
2018-03-04,4925,3891.2,8331744407
2018-03-05,4944,3865.6,8331744407
2018-03-06,4964,3840,8331744407
2018-03-07,4980,3840,8331744407
2018-03-08,4992,3865.6,8331744407
2018-03-09,4994,3865.6,8331744407
2018-03-10,5010,3891.2,8331744407
2018-03-11,5029,3840,8331744407
2018-03-12,5047,3865.6,8331744407
2018-03-13,5065,3865.6,8331744407
2018-03-14,5084,3891.2,8331744407
2018-03-15,5103,3865.6,8331744407
2018-03-16,5121,3865.6,8331744407
2018-03-17,5140,3865.6,8331744407
2018-03-18,5155,3891.2,8331744407
2018-03-19,5167,3891.2,8331744407
2018-03-20,5176,3840,8331744407
2018-03-21,5176,3840,8331744407
2018-03-22,5176,3840,8331744407
2018-03-23,5176,3840,8331744407
2018-03-24,5176,3840,8331744407
2018-03-25,5176,3840,8331744407
2018-03-26,5283,3532.8,8331744407
2018-03-27,5303,3865.6,8331744407
2018-03-28,5322,3814.4,8331744407
2018-03-29,5340,3891.2,8331744407
2017-12-20,8157,4124.3,7133245688
2017-12-21,8157,4124.3,7133245688
2017-12-22,8157,4124.3,7133245688
2017-12-23,8164,4124.3,7133245688
2017-12-24,8180,4124.3,7133245688
2017-12-25,8191,4124.3,7133245688
2017-12-26,8203,4124.3,7133245688
2017-12-27,8211,4124.3,7133245688
2017-12-28,8211,4124.3,7133245688
2017-12-29,8211,4124.3,7133245688
2017-12-30,8211,4124.3,7133245688
2017-12-31,8211,4124.3,7133245688
2018-01-01,8211,4124.3,7133245688
2018-01-02,8213,4124.3,7133245688
2018-01-03,8213,4124.3,7133245688
2018-01-04,8215,4124.3,7133245688
2018-01-05,8235,4124.3,7133245688
2018-01-06,8247,4124.3,7133245688
2018-01-07,8267,4124.3,7133245688
2018-01-08,8281,4124.3,7133245688
2018-01-09,8281,4124.3,7133245688
2018-01-10,8287,4124.3,7133245688
2018-01-11,8304,4124.3,7133245688
2018-01-12,8304,4124.3,7133245688
2018-01-13,8321,4124.3,7133245688
2018-01-14,8340,4124.3,7133245688
2018-01-15,8355,4124.3,7133245688
2018-01-16,8377,4124.3,7133245688
2018-01-17,8395,4124.3,7133245688
2018-01-18,8413,4124.3,7133245688
2018-01-19,8419,4124.3,7133245688
2018-01-20,8434,4124.3,7133245688
2018-01-21,8446,4124.3,7133245688
2018-01-22,8458,4124.3,7133245688
2018-01-23,8470,4124.3,7133245688
2018-01-24,8491,4124.3,7133245688
2018-01-25,8511,4124.3,7133245688
2018-01-26,8531,4124.3,7133245688
2018-01-27,8539,4124.3,7133245688
2018-01-28,8539,4124.3,7133245688
2018-01-29,8544,4124.3,7133245688
2018-01-30,8562,4124.3,7133245688
2018-01-31,8575,4124.3,7133245688
2018-02-01,8589,4124.3,7133245688
2018-02-02,8604,4124.3,7133245688
2018-02-03,8616,4124.3,7133245688
2018-02-04,8631,4124.3,7133245688
2018-02-05,8653,4124.3,7133245688
2018-02-06,8677,4124.3,7133245688
2018-02-07,8701,4124.3,7133245688
2018-02-08,8709,4124.3,7133245688
2018-02-09,8709,4124.3,7133245688
2018-02-10,8709,4124.3,7133245688
2018-02-11,8728,4124.3,7133245688
2018-02-12,8752,4124.3,7133245688
2018-02-13,8775,4124.3,7133245688
2018-02-14,8795,4124.3,7133245688
2018-02-15,8800,4124.3,7133245688
2018-02-16,8821,4124.3,7133245688
2018-02-17,8837,4124.3,7133245688
2018-02-18,8853,4124.3,7133245688
2018-02-19,8872,4124.3,7133245688
2018-02-20,8885,4124.3,7133245688
2018-02-21,8901,4124.3,7133245688
2018-02-22,8924,4124.3,7133245688
2018-02-23,8947,4124.3,7133245688
2018-02-24,8961,4124.3,7133245688
2018-02-25,8985,4124.3,7133245688
2018-02-26,9009,4124.3,7133245688
2018-02-27,9032,4124.3,7133245688
2018-02-28,9052,4124.3,7133245688
2018-03-01,9076,4124.3,7133245688
2018-03-02,9098,4124.3,7133245688
2018-03-03,9120,4124.3,7133245688
2018-03-04,9120,4124.3,7133245688
2018-03-05,9120,4124.3,7133245688
2018-03-06,9120,4124.3,7133245688
2018-03-07,9120,4124.3,7133245688
2018-03-08,9120,4124.3,7133245688
2018-03-09,9122,4124.3,7133245688
2018-03-10,9122,4124.3,7133245688
2018-03-11,9135,4124.3,7133245688
2018-03-12,9149,4124.3,7133245688
2018-03-13,9157,4124.3,7133245688
2018-03-14,9157,4124.3,7133245688
2018-03-15,9157,4124.3,7133245688
2018-03-16,9162,4124.3,7133245688
2018-03-17,9162,4124.3,7133245688
2018-03-18,9164,4124.3,7133245688
2018-03-19,9170,4124.3,7133245688
2018-03-20,9170,4124.3,7133245688
2018-03-21,9170,4124.3,7133245688
2018-03-22,9189,4124.3,7133245688
2018-03-23,9205,4124.3,7133245688
2018-03-24,9226,4124.3,7133245688
2018-03-25,9247,4124.3,7133245688
2018-03-26,9247,4124.3,7133245688
2018-03-27,9247,4124.3,7133245688
2018-03-28,9268,4124.3,7133245688
2018-03-29,9292,4124.3,7133245688
2017-12-20,10883,3891.2,3643747759
2017-12-21,10894,3891.2,3643747759
2017-12-22,10916,3891.2,3643747759
2017-12-23,10937,3891.2,3643747759
2017-12-24,10940,3865.6,3643747759
2017-12-25,10940,3865.6,3643747759
2017-12-26,10940,3865.6,3643747759
2017-12-27,10944,3891.2,3643747759
2017-12-28,10944,3788.8,3643747759
2017-12-29,10945,3865.6,3643747759
2017-12-30,10945,3865.6,3643747759
2017-12-31,10945,3865.6,3643747759
2018-01-01,10945,3865.6,3643747759
2018-01-02,10945,3865.6,3643747759
2018-01-03,10957,3891.2,3643747759
2018-01-04,10977,3865.6,3643747759
2018-01-05,10991,3891.2,3643747759
2018-01-06,11013,3891.2,3643747759
2018-01-07,11022,3840,3643747759
2018-01-08,11039,3891.2,3643747759
2018-01-09,11062,3865.6,3643747759
2018-01-10,11082,3865.6,3643747759
2018-01-11,11105,3891.2,3643747759
2018-01-12,11127,3891.2,3643747759
2018-01-13,11148,3891.2,3643747759
2018-01-14,11151,3891.2,3643747759
2018-01-15,11163,3891.2,3643747759
2018-01-16,11185,3891.2,3643747759
2018-01-17,11207,3891.2,3643747759
2018-01-18,11228,3891.2,3643747759
2018-01-19,11250,3891.2,3643747759
2018-01-20,11264,3891.2,3643747759
2018-01-21,11285,3891.2,3643747759
2018-01-22,11306,3891.2,3643747759
2018-01-23,11325,3891.2,3643747759
2018-01-24,11346,3891.2,3643747759
2018-01-25,11367,3891.2,3643747759
2018-01-26,11388,3916.8,3643747759
2018-01-27,11408,3891.2,3643747759
2018-01-28,11408,3891.2,3643747759
2018-01-29,11430,3891.2,3643747759
2018-01-30,11451,3891.2,3643747759
2018-01-31,11470,3891.2,3643747759
2018-02-01,11490,3916.8,3643747759
2018-02-02,11512,3865.6,3643747759
2018-02-03,11525,3865.6,3643747759
2018-02-04,11546,3891.2,3643747759
2018-02-05,11566,3865.6,3643747759
2018-02-06,11588,3916.8,3643747759
2018-02-07,11609,3865.6,3643747759
2018-02-08,11629,3891.2,3643747759
2018-02-09,11650,3891.2,3643747759
2018-02-10,11668,3891.2,3643747759
2018-02-11,11668,3891.2,3643747759
2018-02-12,11687,3891.2,3643747759
2018-02-13,11687,3891.2,3643747759
2018-02-14,11687,3891.2,3643747759
2018-02-15,11687,3891.2,3643747759
2018-02-16,11687,3891.2,3643747759
2018-02-17,11687,3891.2,3643747759
2018-02-18,11687,3891.2,3643747759
2018-02-19,11687,3891.2,3643747759
2018-02-20,11687,3891.2,3643747759
2018-02-21,11687,3891.2,3643747759
2018-02-22,11687,3891.2,3643747759
2018-02-23,11687,3891.2,3643747759
2018-02-24,11687,3891.2,3643747759
2018-02-25,11687,3891.2,3643747759
2018-02-26,11687,3891.2,3643747759
2018-02-27,11687,3891.2,3643747759
2018-02-28,11687,3891.2,3643747759
2018-03-01,11687,3891.2,3643747759
2018-03-02,11687,3891.2,3643747759
2018-03-03,11687,3891.2,3643747759
2018-03-04,11687,3891.2,3643747759
2018-03-05,11687,3891.2,3643747759
2018-03-06,11687,3891.2,3643747759
2018-03-07,11687,3891.2,3643747759
2018-03-08,11687,3891.2,3643747759
2018-03-09,11687,3891.2,3643747759
2018-03-10,11687,3891.2,3643747759
2018-03-11,11687,3891.2,3643747759
2018-03-12,11687,3891.2,3643747759
2018-03-13,11687,3891.2,3643747759
2018-03-14,11687,3891.2,3643747759
2018-03-15,11687,3891.2,3643747759
2018-03-16,11687,3891.2,3643747759
2018-03-17,11687,3891.2,3643747759
2018-03-18,11687,3891.2,3643747759
2018-03-19,11687,3891.2,3643747759
2018-03-20,11687,3891.2,3643747759
2018-03-21,11687,3891.2,3643747759
2018-03-22,11687,3891.2,3643747759
2018-03-23,11687,3891.2,3643747759
2018-03-24,11687,3891.2,3643747759
2018-03-25,11687,3891.2,3643747759
2018-03-26,11687,3891.2,3643747759
2018-03-27,11687,3891.2,3643747759
2018-03-28,11687,3891.2,3643747759
2018-03-29,11687,3891.2,3643747759
2017-12-19,3760,1135.5,3308150982
2017-12-20,3772,1241.5,3308150982
2017-12-21,3782,1332.5,3308150982
2017-12-22,3793,1434.5,3308150982
2017-12-23,3795,1452.5,3308150982
2017-12-24,3795,1452.5,3308150982
2017-12-25,3798,1476.5,3308150982
2017-12-26,3807,1557,3308150982
2017-12-27,3818,1650.5,3308150982
2017-12-28,3829,1757,3308150982
2017-12-29,3837,1826,3308150982
2017-12-30,3841,1860,3308150982
2017-12-31,3844,1884,3308150982
2018-01-01,3853,1975,3308150982
2018-01-02,3862,2064.5,3308150982
2018-01-03,3872,2136.5,3308150982
2018-01-04,3882,2234.5,3308150982
2018-01-05,3887,2285,3308150982
2018-01-06,3887,2285,3308150982
2018-01-07,3893,2327.5,3308150982
2018-01-08,3904,2420,3308150982
2018-01-09,3914,2515,3308150982
2018-01-10,3926,2604,3308150982
2018-01-11,3936,2701.5,3308150982
2018-01-12,3945,2768,3308150982
2018-01-13,3946,2778,3308150982
2018-01-14,3950,2800.5,3308150982
2018-01-15,3957,2863.5,3308150982
2018-01-16,3968,2961.5,3308150982
2018-01-17,3968,2961.5,3308150982
2018-01-18,3968,2961.5,3308150982
2018-01-19,3968,2961.5,3308150982
2018-01-20,3968,2961.5,3308150982
2018-01-21,3968,2961.5,3308150982
2018-01-22,3968,2961.5,3308150982
2018-01-23,3968,2961.5,3308150982
2018-01-24,3968,2961.5,3308150982
2018-01-25,3968,2961.5,3308150982
2018-01-26,3968,2961.5,3308150982
2018-01-27,3968,2961.5,3308150982
2018-01-28,3968,2961.5,3308150982
2018-01-29,3968,2961.5,3308150982
2018-01-30,3968,2961.5,3308150982
2018-01-31,3968,2961.5,3308150982
2018-02-01,3968,2961.5,3308150982
2018-02-02,3968,2961.5,3308150982
2018-02-03,3968,2961.5,3308150982
2018-02-04,3968,2961.5,3308150982
2018-02-05,3968,2961.5,3308150982
2018-02-06,3968,2961.5,3308150982
2018-02-07,3968,2961.5,3308150982
2018-02-08,3968,2961.5,3308150982
2018-02-09,3968,2961.5,3308150982
2018-02-10,3968,2961.5,3308150982
2018-02-11,3968,2961.5,3308150982
2018-02-12,3968,2961.5,3308150982
2018-02-13,3968,2961.5,3308150982
2018-02-14,3968,2961.5,3308150982
2018-02-15,3968,2961.5,3308150982
2018-02-16,3968,2961.5,3308150982
2018-02-17,3968,2961.5,3308150982
2018-02-18,3968,2961.5,3308150982
2018-02-19,3968,2961.5,3308150982
2018-02-20,3968,2961.5,3308150982
2018-02-21,3968,2961.5,3308150982
2018-02-22,3968,2961.5,3308150982
2018-02-23,3968,2961.5,3308150982
2018-02-24,3968,2961.5,3308150982
2018-02-25,3968,2961.5,3308150982
2018-02-26,3968,2961.5,3308150982
2018-02-27,3968,2961.5,3308150982
2018-02-28,3968,2961.5,3308150982
2018-03-01,3968,2961.5,3308150982
2018-03-02,3968,2961.5,3308150982
2018-03-03,3968,2961.5,3308150982
2018-03-04,3968,2961.5,3308150982
2018-03-05,3968,2961.5,3308150982
2018-03-06,3968,2961.5,3308150982
2018-03-07,3968,2961.5,3308150982
2018-03-08,3968,2961.5,3308150982
2018-03-09,3968,2961.5,3308150982
2018-03-10,3968,2961.5,3308150982
2018-03-11,3968,2961.5,3308150982
2018-03-12,3968,2961.5,3308150982
2018-03-13,3968,2961.5,3308150982
2018-03-14,3968,2961.5,3308150982
2018-03-15,3968,2961.5,3308150982
2018-03-16,3968,2961.5,3308150982
2018-03-17,3968,2961.5,3308150982
2018-03-18,3968,2961.5,3308150982
2018-03-19,3968,2961.5,3308150982
2018-03-20,3968,2961.5,3308150982
2018-03-21,3968,2961.5,3308150982
2018-03-22,3968,2961.5,3308150982
2018-03-23,3968,2961.5,3308150982
2018-03-24,3968,2961.5,3308150982
2018-03-25,3968,2961.5,3308150982
2018-03-26,3968,2961.5,3308150982
2018-03-27,3968,2961.5,3308150982
2018-03-28,3968,2961.5,3308150982
2018-03-29,3968,2961.5,3308150982
2017-12-20,617,3056,8711753003
2017-12-21,617,3056,8711753003
2017-12-22,617,3056,8711753003
2017-12-23,617,3056,8711753003
2017-12-24,617,3056,8711753003
2017-12-25,617,3056,8711753003
2017-12-26,617,3056,8711753003
2017-12-27,617,3056,8711753003
2017-12-28,617,3056,8711753003
2017-12-29,617,3056,8711753003
2017-12-30,617,3056,8711753003
2017-12-31,617,3056,8711753003
2018-01-01,617,3056,8711753003
2018-01-02,617,3056,8711753003
2018-01-03,620,3074.5,8711753003
2018-01-04,621,3089,8711753003
2018-01-05,621,3089.5,8711753003
2018-01-06,621,3089.5,8711753003
2018-01-07,621,3089.5,8711753003
2018-01-08,622,3108,8711753003
2018-01-09,623,3112.5,8711753003
2018-01-10,625,3139,8711753003
2018-01-11,626,3155,8711753003
2018-01-12,627,3169,8711753003
2018-01-13,627,3169,8711753003
2018-01-14,628,3172.5,8711753003
2018-01-15,629,3186,8711753003
2018-01-16,629,3186,8711753003
2018-01-17,631,3194,8711753003
2018-01-18,631,3202,8711753003
2018-01-19,632,3208.5,8711753003
2018-01-20,633,3216,8711753003
2018-01-21,634,3224.5,8711753003
2018-01-22,635,3236,8711753003
2018-01-23,638,3268.5,8711753003
2018-01-24,639,3277,8711753003
2018-01-25,639,3277,8711753003
2018-01-26,639,3277,8711753003
2018-01-27,639,3277,8711753003
2018-01-28,642,3296.5,8711753003
2018-01-29,642,3300.5,8711753003
2018-01-30,642,3300.5,8711753003
2018-01-31,645,3330.5,8711753003
2018-02-01,645,3330.5,8711753003
2018-02-02,645,3330.5,8711753003
2018-02-03,645,3330.5,8711753003
2018-02-04,645,3330.5,8711753003
2018-02-05,645,3330.5,8711753003
2018-02-06,645,3330.5,8711753003
2018-02-07,645,3330.5,8711753003
2018-02-08,645,3330.5,8711753003
2018-02-09,645,3330.5,8711753003
2018-02-10,645,3330.5,8711753003
2018-02-11,645,3330.5,8711753003
2018-02-12,645,3330.5,8711753003
2018-02-13,645,3330.5,8711753003
2018-02-14,645,3330.5,8711753003
2018-02-15,645,3330.5,8711753003
2018-02-16,645,3330.5,8711753003
2018-02-17,645,3330.5,8711753003
2018-02-18,645,3330.5,8711753003
2018-02-19,645,3330.5,8711753003
2018-02-20,645,3330.5,8711753003
2018-02-21,645,3330.5,8711753003
2018-02-22,645,3330.5,8711753003
2018-02-23,645,3330.5,8711753003
2018-02-24,645,3330.5,8711753003
2018-02-25,645,3330.5,8711753003
2018-02-26,645,3330.5,8711753003
2018-02-27,645,3330.5,8711753003
2018-02-28,645,3330.5,8711753003
2018-03-01,645,3330.5,8711753003
2018-03-02,645,3330.5,8711753003
2018-03-03,645,3330.5,8711753003
2018-03-04,645,3330.5,8711753003
2018-03-05,645,3330.5,8711753003
2018-03-06,645,3330.5,8711753003
2018-03-07,645,3330.5,8711753003
2018-03-08,645,3330.5,8711753003
2018-03-09,645,3330.5,8711753003
2018-03-10,645,3330.5,8711753003
2018-03-11,645,3330.5,8711753003
2018-03-12,645,3330.5,8711753003
2018-03-13,645,3330.5,8711753003
2018-03-14,645,3330.5,8711753003
2018-03-15,645,3330.5,8711753003
2018-03-16,645,3330.5,8711753003
2018-03-17,645,3330.5,8711753003
2018-03-18,645,3330.5,8711753003
2018-03-19,645,3330.5,8711753003
2018-03-20,645,3330.5,8711753003
2018-03-21,645,3330.5,8711753003
2018-03-22,645,3330.5,8711753003
2018-03-23,645,3330.5,8711753003
2018-03-24,645,3330.5,8711753003
2018-03-25,645,3330.5,8711753003
2018-03-26,645,3330.5,8711753003
2018-03-27,645,3330.5,8711753003
2018-03-28,645,3330.5,8711753003
2018-03-29,645,3330.5,8711753003
2017-12-20,8752,4966.4,2582458400
2017-12-21,8758,4147.2,2582458400
2017-12-22,8764,4966.4,2582458400
2017-12-23,8768,4787.2,2582458400
2017-12-24,8768,4787.2,2582458400
2017-12-25,8768,4787.2,2582458400
2017-12-26,8768,4787.2,2582458400
2017-12-27,8775,4428.8,2582458400
2017-12-28,8780,4966.4,2582458400
2017-12-29,8785,4505.6,2582458400
2017-12-30,8787,4070.4,2582458400
2017-12-31,8787,4070.4,2582458400
2018-01-01,8787,4070.4,2582458400
2018-01-02,8795,3993.6,2582458400
2018-01-03,8803,4684.8,2582458400
2018-01-04,8806,4249.6,2582458400
2018-01-05,8809,4044.8,2582458400
2018-01-06,8822,4787.2,2582458400
2018-01-07,8837,4812.8,2582458400
2018-01-08,8844,4608,2582458400
2018-01-09,8848,4915.2,2582458400
2018-01-10,8851,4608,2582458400
2018-01-11,8859,4275.2,2582458400
2018-01-12,8862,4889.6,2582458400
2018-01-13,8865,4556.8,2582458400
2018-01-14,8865,4556.8,2582458400
2018-01-15,8865,4249.6,2582458400
2018-01-16,8871,4224,2582458400
2018-01-17,8878,3916.8,2582458400
2018-01-18,8891,3584,2582458400
2018-01-19,8898,4480,2582458400
2018-01-20,8903,3635.2,2582458400
2018-01-21,8920,4966.4,2582458400
2018-01-22,8926,4812.8,2582458400
2018-01-23,8931,4684.8,2582458400
2018-01-24,8942,4224,2582458400
2018-01-25,8948,4019.2,2582458400
2018-01-26,8952,3379.2,2582458400
2018-01-27,8955,4864,2582458400
2018-01-28,8955,4864,2582458400
2018-01-29,8961,4812.8,2582458400
2018-01-30,8968,4275.2,2582458400
2018-01-31,8975,4710.4,2582458400
2018-02-01,8983,4300.8,2582458400
2018-02-02,8991,3660.8,2582458400
2018-02-03,8996,4582.4,2582458400
2018-02-04,8997,3993.6,2582458400
2018-02-05,9006,4326.4,2582458400
2018-02-06,9012,4710.4,2582458400
2018-02-07,9016,4454.4,2582458400
2018-02-08,9023,4121.6,2582458400
2018-02-09,9030,4684.8,2582458400
2018-02-10,9035,4249.6,2582458400
2018-02-11,9035,4249.6,2582458400
2018-02-12,9036,3814.4,2582458400
2018-02-13,9037,3788.8,2582458400
2018-02-14,9037,2560,2582458400
2018-02-15,9037,2560,2582458400
2018-02-16,9041,3456,2582458400
2018-02-17,9045,3123.2,2582458400
2018-02-18,9045,2585.6,2582458400
2018-02-19,9051,4761.6,2582458400
2018-02-20,9057,4454.4,2582458400
2018-02-21,9065,3942.4,2582458400
2018-02-22,9071,4838.4,2582458400
2018-02-23,9076,4480,2582458400
2018-02-24,9079,4121.6,2582458400
2018-02-25,9079,4121.6,2582458400
2018-02-26,9080,3865.6,2582458400
2018-02-27,9085,3686.4,2582458400
2018-02-28,9102,4838.4,2582458400
2018-03-01,9125,4838.4,2582458400
2018-03-02,9147,4812.8,2582458400
2018-03-03,9170,4992,2582458400
2018-03-04,9192,4761.6,2582458400
2018-03-05,9209,4992,2582458400
2018-03-06,9230,4966.4,2582458400
2018-03-07,9254,4966.4,2582458400
2018-03-08,9274,4966.4,2582458400
2018-03-09,9297,3763.2,2582458400
2018-03-10,9314,4377.6,2582458400
2018-03-11,9336,4940.8,2582458400
2018-03-12,9349,4940.8,2582458400
2018-03-13,9367,4940.8,2582458400
2018-03-14,9386,4940.8,2582458400
2018-03-15,9407,5017.6,2582458400
2018-03-16,9430,4787.2,2582458400
2018-03-17,9451,4838.4,2582458400
2018-03-18,9474,4889.6,2582458400
2018-03-19,9490,4992,2582458400
2018-03-20,9513,4300.8,2582458400
2018-03-21,9534,4736,2582458400
2018-03-22,9555,4838.4,2582458400
2018-03-23,9578,4684.8,2582458400
2018-03-24,9592,4684.8,2582458400
2018-03-25,9614,4812.8,2582458400
2018-03-26,9628,4992,2582458400
2018-03-27,9639,4812.8,2582458400
2018-03-28,9639,4812.8,2582458400
2018-03-29,9639,4812.8,2582458400
2017-12-20,2716,4992,8481959000
2017-12-21,2722,4019.2,8481959000
2017-12-22,2728,3481.6,8481959000
2017-12-23,2728,3481.6,8481959000
2017-12-24,2728,3481.6,8481959000
2017-12-25,2728,3481.6,8481959000
2017-12-26,2728,3481.6,8481959000
2017-12-27,2733,4531.2,8481959000
2017-12-28,2733,4940.8,8481959000
2017-12-29,2734,4940.8,8481959000
2017-12-30,2734,4940.8,8481959000
2017-12-31,2734,4940.8,8481959000
2018-01-01,2734,4940.8,8481959000
2018-01-02,2743,4633.6,8481959000
2018-01-03,2749,4275.2,8481959000
2018-01-04,2757,2560,8481959000
2018-01-05,2764,5017.6,8481959000
2018-01-06,2764,5017.6,8481959000
2018-01-07,2764,5017.6,8481959000
2018-01-08,2772,4198.4,8481959000
2018-01-09,2780,3379.2,8481959000
2018-01-10,2788,5017.6,8481959000
2018-01-11,2797,3840,8481959000
2018-01-12,2804,3609.6,8481959000
2018-01-13,2804,3609.6,8481959000
2018-01-14,2804,3609.6,8481959000
2018-01-15,2812,5017.6,8481959000
2018-01-16,2820,3916.8,8481959000
2018-01-17,2829,3660.8,8481959000
2018-01-18,2835,5017.6,8481959000
2018-01-19,2842,4787.2,8481959000
2018-01-20,2842,4787.2,8481959000
2018-01-21,2842,4787.2,8481959000
2018-01-22,2850,4172.8,8481959000
2018-01-23,2857,3456,8481959000
2018-01-24,2865,3020.8,8481959000
2018-01-25,2872,4761.6,8481959000
2018-01-26,2876,4352,8481959000
2018-01-27,2876,4352,8481959000
2018-01-28,2876,4352,8481959000
2018-01-29,2879,4121.6,8481959000
2018-01-30,2879,3993.6,8481959000
2018-01-31,2886,3891.2,8481959000
2018-02-01,2888,3379.2,8481959000
2018-02-02,2891,3353.6,8481959000
2018-02-03,2891,3353.6,8481959000
2018-02-04,2891,3353.6,8481959000
2018-02-05,2892,2560,8481959000
2018-02-06,2892,2585.6,8481959000
2018-02-07,2892,2585.6,8481959000
2018-02-08,2892,2585.6,8481959000
2018-02-09,2892,2585.6,8481959000
2018-02-10,2892,2585.6,8481959000
2018-02-11,2892,2585.6,8481959000
2018-02-12,2893,2867.2,8481959000
2018-02-13,2893,2867.2,8481959000
2018-02-14,2895,4787.2,8481959000
2018-02-15,2900,4659.2,8481959000
2018-02-16,2900,4659.2,8481959000
2018-02-17,2900,4659.2,8481959000
2018-02-18,2900,4659.2,8481959000
2018-02-19,2906,4556.8,8481959000
2018-02-20,2913,4044.8,8481959000
2018-02-21,2919,3379.2,8481959000
2018-02-22,2922,3123.2,8481959000
2018-02-23,2924,2585.6,8481959000
2018-02-24,2924,2585.6,8481959000
2018-02-25,2924,2585.6,8481959000
2018-02-26,2924,2585.6,8481959000
2018-02-27,2926,2790.4,8481959000
2018-02-28,2933,4224,8481959000
2018-03-01,2940,4505.6,8481959000
2018-03-02,2946,3456,8481959000
2018-03-03,2946,3456,8481959000
2018-03-04,2946,3456,8481959000
2018-03-05,2949,3302.4,8481959000
2018-03-06,2953,4736,8481959000
2018-03-07,2953,2560,8481959000
2018-03-08,2959,4659.2,8481959000
2018-03-09,2959,4659.2,8481959000
2018-03-10,2959,4659.2,8481959000
2018-03-11,2959,4659.2,8481959000
2018-03-12,2963,4249.6,8481959000
2018-03-13,2964,3840,8481959000
2018-03-14,2964,3840,8481959000
2018-03-15,2965,3353.6,8481959000
2018-03-16,2968,3404.8,8481959000
2018-03-17,2968,3404.8,8481959000
2018-03-18,2968,3404.8,8481959000
2018-03-19,2976,5017.6,8481959000
2018-03-20,2981,4505.6,8481959000
2018-03-21,2987,3891.2,8481959000
2018-03-22,2988,3788.8,8481959000
2018-03-23,2993,3404.8,8481959000
2018-03-24,2993,3404.8,8481959000
2018-03-25,2993,3404.8,8481959000
2018-03-26,3000,4812.8,8481959000
2018-03-27,3006,4659.2,8481959000
2018-03-28,3008,4147.2,8481959000
2018-03-29,3012,3635.2,8481959000
2017-12-20,4070,3328,7940559597
2017-12-21,4079,3302.4,7940559597
2017-12-22,4079,3072,7940559597
2017-12-23,4079,3072,7940559597
2017-12-24,4079,3072,7940559597
2017-12-25,4079,3072,7940559597
2017-12-26,4079,3072,7940559597
2017-12-27,4087,3737.6,7940559597
2017-12-28,4088,3763.2,7940559597
2017-12-29,4088,3865.6,7940559597
2017-12-30,4088,3865.6,7940559597
2017-12-31,4088,3865.6,7940559597
2018-01-01,4088,3865.6,7940559597
2018-01-02,4097,3865.6,7940559597
2018-01-03,4105,3328,7940559597
2018-01-04,4114,3148.8,7940559597
2018-01-05,4120,3379.2,7940559597
2018-01-06,4120,3379.2,7940559597
2018-01-07,4120,3379.2,7940559597
2018-01-08,4128,3609.6,7940559597
2018-01-09,4137,3328,7940559597
2018-01-10,4142,3840,7940559597
2018-01-11,4142,3379.2,7940559597
2018-01-12,4145,3891.2,7940559597
2018-01-13,4145,3891.2,7940559597
2018-01-14,4145,3891.2,7940559597
2018-01-15,4153,3353.6,7940559597
2018-01-16,4162,3404.8,7940559597
2018-01-17,4172,3507.2,7940559597
2018-01-18,4180,3353.6,7940559597
2018-01-19,4187,3404.8,7940559597
2018-01-20,4187,3404.8,7940559597
2018-01-21,4187,3404.8,7940559597
2018-01-22,4196,3328,7940559597
2018-01-23,4204,3404.8,7940559597
2018-01-24,4213,3123.2,7940559597
2018-01-25,4222,3379.2,7940559597
2018-01-26,4227,3379.2,7940559597
2018-01-27,4227,3379.2,7940559597
2018-01-28,4227,3379.2,7940559597
2018-01-29,4235,3328,7940559597
2018-01-30,4244,3328,7940559597
2018-01-31,4252,3840,7940559597
2018-02-01,4261,3353.6,7940559597
2018-02-02,4269,3558.4,7940559597
2018-02-03,4271,3353.6,7940559597
2018-02-04,4271,3353.6,7940559597
2018-02-05,4278,3865.6,7940559597
2018-02-06,4288,3584,7940559597
2018-02-07,4297,3353.6,7940559597
2018-02-08,4307,3532.8,7940559597
2018-02-09,4315,3353.6,7940559597
2018-02-10,4317,3891.2,7940559597
2018-02-11,4317,3891.2,7940559597
2018-02-12,4326,3814.4,7940559597
2018-02-13,4336,3353.6,7940559597
2018-02-14,4345,3532.8,7940559597
2018-02-15,4355,3379.2,7940559597
2018-02-16,4364,3891.2,7940559597
2018-02-17,4364,3891.2,7940559597
2018-02-18,4364,3891.2,7940559597
2018-02-19,4372,3891.2,7940559597
2018-02-20,4382,3430.4,7940559597
2018-02-21,4391,3353.6,7940559597
2018-02-22,4401,3481.6,7940559597
2018-02-23,4410,3328,7940559597
2018-02-24,4415,3123.2,7940559597
2018-02-25,4415,3123.2,7940559597
2018-02-26,4423,3584,7940559597
2018-02-27,4432,3891.2,7940559597
2018-02-28,4441,3379.2,7940559597
2018-03-01,4449,3891.2,7940559597
2018-03-02,4458,3379.2,7940559597
2018-03-03,4458,3379.2,7940559597
2018-03-04,4458,3379.2,7940559597
2018-03-05,4466,3328,7940559597
2018-03-06,4475,3379.2,7940559597
2018-03-07,4484,3481.6,7940559597
2018-03-08,4491,3379.2,7940559597
2018-03-09,4499,3456,7940559597
2018-03-10,4503,3200,7940559597
2018-03-11,4503,3200,7940559597
2018-03-12,4512,3276.8,7940559597
2018-03-13,4520,3430.4,7940559597
2018-03-14,4529,3379.2,7940559597
2018-03-15,4535,3353.6,7940559597
2018-03-16,4544,3430.4,7940559597
2018-03-17,4544,3430.4,7940559597
2018-03-18,4544,3430.4,7940559597
2018-03-19,4553,3404.8,7940559597
2018-03-20,4562,3532.8,7940559597
2018-03-21,4570,3353.6,7940559597
2018-03-22,4579,3507.2,7940559597
2018-03-23,4587,3379.2,7940559597
2018-03-24,4587,3379.2,7940559597
2018-03-25,4587,3379.2,7940559597
2018-03-26,4595,3379.2,7940559597
2018-03-27,4603,3865.6,7940559597
2018-03-28,4612,3865.6,7940559597
2018-03-29,4620,3891.2,7940559597
2017-12-20,2460,4352,2159359786
2017-12-21,2466,3686.4,2159359786
2017-12-22,2474,5017.6,2159359786
2017-12-23,2474,5017.6,2159359786
2017-12-24,2479,4940.8,2159359786
2017-12-25,2479,4940.8,2159359786
2017-12-26,2479,4940.8,2159359786
2017-12-27,2482,4454.4,2159359786
2017-12-28,2487,4249.6,2159359786
2017-12-29,2496,5017.6,2159359786
2017-12-30,2496,5017.6,2159359786
2017-12-31,2496,5017.6,2159359786
2018-01-01,2503,4352,2159359786
2018-01-02,2510,3532.8,2159359786
2018-01-03,2516,5017.6,2159359786
2018-01-04,2516,5017.6,2159359786
2018-01-05,2519,5017.6,2159359786
2018-01-06,2525,4992,2159359786
2018-01-07,2525,4992,2159359786
2018-01-08,2531,4249.6,2159359786
2018-01-09,2539,5017.6,2159359786
2018-01-10,2548,4326.4,2159359786
2018-01-11,2556,5017.6,2159359786
2018-01-12,2563,4992,2159359786
2018-01-13,2563,4992,2159359786
2018-01-14,2563,4992,2159359786
2018-01-15,2570,4224,2159359786
2018-01-16,2579,5017.6,2159359786
2018-01-17,2585,4300.8,2159359786
2018-01-18,2593,3840,2159359786
2018-01-19,2601,5017.6,2159359786
2018-01-20,2609,4915.2,2159359786
2018-01-21,2616,4172.8,2159359786
2018-01-22,2625,3712,2159359786
2018-01-23,2633,5017.6,2159359786
2018-01-24,2636,4480,2159359786
2018-01-25,2642,4275.2,2159359786
2018-01-26,2650,5043.2,2159359786
2018-01-27,2658,4992,2159359786
2018-01-28,2663,4224,2159359786
2018-01-29,2673,3737.6,2159359786
2018-01-30,2680,5017.6,2159359786
2018-01-31,2687,4249.6,2159359786
2018-02-01,2699,5017.6,2159359786
2018-02-02,2699,5017.6,2159359786
2018-02-03,2699,5017.6,2159359786
2018-02-04,2699,5017.6,2159359786
2018-02-05,2699,5017.6,2159359786
2018-02-06,2699,5017.6,2159359786
2018-02-07,2699,5017.6,2159359786
2018-02-08,2699,5017.6,2159359786
2018-02-09,2699,5017.6,2159359786
2018-02-10,2699,5017.6,2159359786
2018-02-11,2699,5017.6,2159359786
2018-02-12,2699,5017.6,2159359786
2018-02-13,2699,5017.6,2159359786
2018-02-14,2699,5017.6,2159359786
2018-02-15,2699,5017.6,2159359786
2018-02-16,2699,5017.6,2159359786
2018-02-17,2699,5017.6,2159359786
2018-02-18,2699,5017.6,2159359786
2018-02-19,2699,5017.6,2159359786
2018-02-20,2699,5017.6,2159359786
2018-02-21,2699,5017.6,2159359786
2018-02-22,2699,5017.6,2159359786
2018-02-23,2699,5017.6,2159359786
2018-02-24,2699,5017.6,2159359786
2018-02-25,2699,5017.6,2159359786
2018-02-26,2699,5017.6,2159359786
2018-02-27,2699,5017.6,2159359786
2018-02-28,2699,5017.6,2159359786
2018-03-01,2699,5017.6,2159359786
2018-03-02,2699,5017.6,2159359786
2018-03-03,2699,5017.6,2159359786
2018-03-04,2699,5017.6,2159359786
2018-03-05,2699,5017.6,2159359786
2018-03-06,2699,5017.6,2159359786
2018-03-07,2699,5017.6,2159359786
2018-03-08,2699,5017.6,2159359786
2018-03-09,2699,5017.6,2159359786
2018-03-10,2699,5017.6,2159359786
2018-03-11,2699,5017.6,2159359786
2018-03-12,2699,5017.6,2159359786
2018-03-13,2699,5017.6,2159359786
2018-03-14,2699,5017.6,2159359786
2018-03-15,2699,5017.6,2159359786
2018-03-16,2699,5017.6,2159359786
2018-03-17,2699,5017.6,2159359786
2018-03-18,2699,5017.6,2159359786
2018-03-19,2699,5017.6,2159359786
2018-03-20,2699,5017.6,2159359786
2018-03-21,2699,5017.6,2159359786
2018-03-22,2699,5017.6,2159359786
2018-03-23,2699,5017.6,2159359786
2018-03-24,2699,5017.6,2159359786
2018-03-25,2699,5017.6,2159359786
2018-03-26,2699,5017.6,2159359786
2018-03-27,2699,5017.6,2159359786
2018-03-28,2699,5017.6,2159359786
2018-03-29,2699,5017.6,2159359786
2017-12-20,3959,5017.6,5687959787
2017-12-21,3973,5017.6,5687959787
2017-12-22,3986,5017.6,5687959787
2017-12-23,3986,5017.6,5687959787
2017-12-24,3986,5017.6,5687959787
2017-12-25,3986,5017.6,5687959787
2017-12-26,3989,2560,5687959787
2017-12-27,3995,5017.6,5687959787
2017-12-28,4001,5017.6,5687959787
2017-12-29,4007,4531.2,5687959787
2017-12-30,4007,4531.2,5687959787
2017-12-31,4007,4531.2,5687959787
2018-01-01,4009,4403.2,5687959787
2018-01-02,4024,5017.6,5687959787
2018-01-03,4037,5017.6,5687959787
2018-01-04,4052,5017.6,5687959787
2018-01-05,4065,5017.6,5687959787
2018-01-06,4073,2585.6,5687959787
2018-01-07,4073,2585.6,5687959787
2018-01-08,4088,4992,5687959787
2018-01-09,4103,4096,5687959787
2018-01-10,4116,3763.2,5687959787
2018-01-11,4131,4838.4,5687959787
2018-01-12,4146,3379.2,5687959787
2018-01-13,4155,4198.4,5687959787
2018-01-14,4155,4198.4,5687959787
2018-01-15,4169,4992,5687959787
2018-01-16,4178,5017.6,5687959787
2018-01-17,4189,4992,5687959787
2018-01-18,4204,4992,5687959787
2018-01-19,4217,4992,5687959787
2018-01-20,4221,3942.4,5687959787
2018-01-21,4221,3942.4,5687959787
2018-01-22,4235,5017.6,5687959787
2018-01-23,4249,5017.6,5687959787
2018-01-24,4263,4992,5687959787
2018-01-25,4275,4992,5687959787
2018-01-26,4288,5017.6,5687959787
2018-01-27,4295,4172.8,5687959787
2018-01-28,4295,4172.8,5687959787
2018-01-29,4310,5017.6,5687959787
2018-01-30,4325,4198.4,5687959787
2018-01-31,4339,4992,5687959787
2018-02-01,4354,5017.6,5687959787
2018-02-02,4366,5017.6,5687959787
2018-02-03,4366,5017.6,5687959787
2018-02-04,4366,5017.6,5687959787
2018-02-05,4375,4992,5687959787
2018-02-06,4389,4812.8,5687959787
2018-02-07,4403,4992,5687959787
2018-02-08,4417,5017.6,5687959787
2018-02-09,4431,5017.6,5687959787
2018-02-10,4440,4147.2,5687959787
2018-02-11,4440,4147.2,5687959787
2018-02-12,4456,5017.6,5687959787
2018-02-13,4472,5017.6,5687959787
2018-02-14,4489,5017.6,5687959787
2018-02-15,4505,4992,5687959787
2018-02-16,4520,5017.6,5687959787
2018-02-17,4529,3916.8,5687959787
2018-02-18,4529,3916.8,5687959787
2018-02-19,4544,4326.4,5687959787
2018-02-20,4560,4992,5687959787
2018-02-21,4568,5017.6,5687959787
2018-02-22,4583,5017.6,5687959787
2018-02-23,4592,5017.6,5687959787
2018-02-24,4592,5017.6,5687959787
2018-02-25,4592,5017.6,5687959787
2018-02-26,4608,5017.6,5687959787
2018-02-27,4612,4992,5687959787
2018-02-28,4628,5017.6,5687959787
2018-03-01,4645,4992,5687959787
2018-03-02,4659,4992,5687959787
2018-03-03,4669,2560,5687959787
2018-03-04,4669,2560,5687959787
2018-03-05,4677,4992,5687959787
2018-03-06,4685,4992,5687959787
2018-03-07,4693,5017.6,5687959787
2018-03-08,4700,4992,5687959787
2018-03-09,4713,5017.6,5687959787
2018-03-10,4723,3968,5687959787
2018-03-11,4723,3968,5687959787
2018-03-12,4736,5017.6,5687959787
2018-03-13,4749,5017.6,5687959787
2018-03-14,4762,5017.6,5687959787
2018-03-15,4769,5017.6,5687959787
2018-03-16,4777,4966.4,5687959787
2018-03-17,4777,4966.4,5687959787
2018-03-18,4777,4966.4,5687959787
2018-03-19,4793,4121.6,5687959787
2018-03-20,4808,5017.6,5687959787
2018-03-21,4824,4889.6,5687959787
2018-03-22,4838,4992,5687959787
2018-03-23,4855,5017.6,5687959787
2018-03-24,4864,3302.4,5687959787
2018-03-25,4864,3302.4,5687959787
2018-03-26,4878,5017.6,5687959787
2018-03-27,4890,4761.6,5687959787
2018-03-28,4905,5017.6,5687959787
2018-03-29,4920,4992,5687959787
2017-12-20,5886,4992,4569859790
2017-12-21,5897,4992,4569859790
2017-12-22,5907,4992,4569859790
2017-12-23,5907,4992,4569859790
2017-12-24,5907,4992,4569859790
2017-12-25,5907,4992,4569859790
2017-12-26,5907,4992,4569859790
2017-12-27,5917,4992,4569859790
2017-12-28,5927,4992,4569859790
2017-12-29,5938,4992,4569859790
2017-12-30,5938,4992,4569859790
2017-12-31,5938,4992,4569859790
2018-01-01,5938,4992,4569859790
2018-01-02,5948,4992,4569859790
2018-01-03,5958,4992,4569859790
2018-01-04,5969,4992,4569859790
2018-01-05,5980,4992,4569859790
2018-01-06,5990,4992,4569859790
2018-01-07,5990,4992,4569859790
2018-01-08,6001,4992,4569859790
2018-01-09,6012,4992,4569859790
2018-01-10,6019,4684.8,4569859790
2018-01-11,6028,4992,4569859790
2018-01-12,6028,4710.4,4569859790
2018-01-13,6038,4992,4569859790
2018-01-14,6048,4992,4569859790
2018-01-15,6058,4992,4569859790
2018-01-16,6069,4992,4569859790
2018-01-17,6078,4992,4569859790
2018-01-18,6088,4992,4569859790
2018-01-19,6099,5017.6,4569859790
2018-01-20,6099,5017.6,4569859790
2018-01-21,6099,5017.6,4569859790
2018-01-22,6109,4992,4569859790
2018-01-23,6119,4992,4569859790
2018-01-24,6130,4992,4569859790
2018-01-25,6140,4147.2,4569859790
2018-01-26,6149,4992,4569859790
2018-01-27,6159,4992,4569859790
2018-01-28,6159,4992,4569859790
2018-01-29,6170,4992,4569859790
2018-01-30,6180,4992,4569859790
2018-01-31,6191,4992,4569859790
2018-02-01,6200,4992,4569859790
2018-02-02,6210,4992,4569859790
2018-02-03,6219,4992,4569859790
2018-02-04,6219,4992,4569859790
2018-02-05,6230,4992,4569859790
2018-02-06,6241,4992,4569859790
2018-02-07,6250,4992,4569859790
2018-02-08,6260,4992,4569859790
2018-02-09,6271,4992,4569859790
2018-02-10,6271,4992,4569859790
2018-02-11,6273,4684.8,4569859790
2018-02-12,6284,4992,4569859790
2018-02-13,6294,4992,4569859790
2018-02-14,6304,4992,4569859790
2018-02-15,6315,4992,4569859790
2018-02-16,6324,4992,4569859790
2018-02-17,6332,4992,4569859790
2018-02-18,6332,4992,4569859790
2018-02-19,6341,4992,4569859790
2018-02-20,6352,4992,4569859790
2018-02-21,6362,4992,4569859790
2018-02-22,6372,4992,4569859790
2018-02-23,6383,4992,4569859790
2018-02-24,6383,4992,4569859790
2018-02-25,6383,4992,4569859790
2018-02-26,6393,4992,4569859790
2018-02-27,6404,4992,4569859790
2018-02-28,6414,4992,4569859790
2018-03-01,6421,4889.6,4569859790
2018-03-02,6431,4992,4569859790
2018-03-03,6431,4992,4569859790
2018-03-04,6431,4992,4569859790
2018-03-05,6441,4992,4569859790
2018-03-06,6451,4992,4569859790
2018-03-07,6462,4992,4569859790
2018-03-08,6472,4992,4569859790
2018-03-09,6483,4992,4569859790
2018-03-10,6483,4992,4569859790
2018-03-11,6483,4992,4569859790
2018-03-12,6490,4992,4569859790
2018-03-13,6491,4864,4569859790
2018-03-14,6501,4992,4569859790
2018-03-15,6507,4992,4569859790
2018-03-16,6517,4992,4569859790
2018-03-17,6517,4992,4569859790
2018-03-18,6517,4992,4569859790
2018-03-19,6528,4992,4569859790
2018-03-20,6538,4992,4569859790
2018-03-21,6547,4992,4569859790
2018-03-22,6558,4992,4569859790
2018-03-23,6569,4992,4569859790
2018-03-24,6569,4992,4569859790
2018-03-25,6569,4992,4569859790
2018-03-26,6578,4992,4569859790
2018-03-27,6589,4992,4569859790
2018-03-28,6598,4992,4569859790
2018-03-29,6608,4992,4569859790
2017-12-19,12373,4992,3413759796
2017-12-20,12396,4992,3413759796
2017-12-21,12419,4992,3413759796
2017-12-22,12437,4992,3413759796
2017-12-23,12460,4684.8,3413759796
2017-12-24,12471,4659.2,3413759796
2017-12-25,12471,4659.2,3413759796
2017-12-26,12475,4608,3413759796
2017-12-27,12499,4992,3413759796
2017-12-28,12523,4454.4,3413759796
2017-12-29,12547,4992,3413759796
2017-12-30,12570,4992,3413759796
2017-12-31,12582,3686.4,3413759796
2018-01-01,12582,3686.4,3413759796
2018-01-02,12601,2944,3413759796
2018-01-03,12624,4121.6,3413759796
2018-01-04,12648,4326.4,3413759796
2018-01-05,12672,4787.2,3413759796
2018-01-06,12685,4915.2,3413759796
2018-01-07,12694,4531.2,3413759796
2018-01-08,12710,4889.6,3413759796
2018-01-09,12734,4940.8,3413759796
2018-01-10,12758,4249.6,3413759796
2018-01-11,12776,4940.8,3413759796
2018-01-12,12799,4889.6,3413759796
2018-01-13,12822,4633.6,3413759796
2018-01-14,12845,4812.8,3413759796
2018-01-15,12862,4966.4,3413759796
2018-01-16,12885,4864,3413759796
2018-01-17,12909,4070.4,3413759796
2018-01-18,12929,4966.4,3413759796
2018-01-19,12953,4992,3413759796
2018-01-20,12977,4966.4,3413759796
2018-01-21,12983,4096,3413759796
2018-01-22,12996,4787.2,3413759796
2018-01-23,13019,4966.4,3413759796
2018-01-24,13033,4889.6,3413759796
2018-01-25,13056,4556.8,3413759796
2018-01-26,13079,4326.4,3413759796
2018-01-27,13101,4889.6,3413759796
2018-01-28,13125,4710.4,3413759796
2018-01-29,13148,4710.4,3413759796
2018-01-30,13170,4736,3413759796
2018-01-31,13193,4992,3413759796
2018-02-01,13215,4710.4,3413759796
2018-02-02,13215,4710.4,3413759796
2018-02-03,13215,4710.4,3413759796
2018-02-04,13215,4710.4,3413759796
2018-02-05,13215,4710.4,3413759796
2018-02-06,13215,4710.4,3413759796
2018-02-07,13215,4710.4,3413759796
2018-02-08,13215,4710.4,3413759796
2018-02-09,13215,4710.4,3413759796
2018-02-10,13215,4710.4,3413759796
2018-02-11,13215,4710.4,3413759796
2018-02-12,13215,4710.4,3413759796
2018-02-13,13215,4710.4,3413759796
2018-02-14,13215,4710.4,3413759796
2018-02-15,13215,4710.4,3413759796
2018-02-16,13215,4710.4,3413759796
2018-02-17,13215,4710.4,3413759796
2018-02-18,13215,4710.4,3413759796
2018-02-19,13215,4710.4,3413759796
2018-02-20,13215,4710.4,3413759796
2018-02-21,13215,4710.4,3413759796
2018-02-22,13215,4710.4,3413759796
2018-02-23,13215,4710.4,3413759796
2018-02-24,13215,4710.4,3413759796
2018-02-25,13215,4710.4,3413759796
2018-02-26,13215,4710.4,3413759796
2018-02-27,13215,4710.4,3413759796
2018-02-28,13215,4710.4,3413759796
2018-03-01,13215,4710.4,3413759796
2018-03-02,13215,4710.4,3413759796
2018-03-03,13215,4710.4,3413759796
2018-03-04,13215,4710.4,3413759796
2018-03-05,13215,4710.4,3413759796
2018-03-06,13215,4710.4,3413759796
2018-03-07,13215,4710.4,3413759796
2018-03-08,13215,4710.4,3413759796
2018-03-09,13215,4710.4,3413759796
2018-03-10,13215,4710.4,3413759796
2018-03-11,13215,4710.4,3413759796
2018-03-12,13215,4710.4,3413759796
2018-03-13,13215,4710.4,3413759796
2018-03-14,13215,4710.4,3413759796
2018-03-15,13215,4710.4,3413759796
2018-03-16,13215,4710.4,3413759796
2018-03-17,13215,4710.4,3413759796
2018-03-18,13215,4710.4,3413759796
2018-03-19,13215,4710.4,3413759796
2018-03-20,13215,4710.4,3413759796
2018-03-21,13215,4710.4,3413759796
2018-03-22,13215,4710.4,3413759796
2018-03-23,13215,4710.4,3413759796
2018-03-24,13215,4710.4,3413759796
2018-03-25,13215,4710.4,3413759796
2018-03-26,13215,4710.4,3413759796
2018-03-27,13215,4710.4,3413759796
2018-03-28,13215,4710.4,3413759796
2018-03-29,13215,4710.4,3413759796
2017-12-20,4258,4940.8,5246759857
2017-12-21,4268,4352,5246759857
2017-12-22,4279,4454.4,5246759857
2017-12-23,4279,4454.4,5246759857
2017-12-24,4279,4454.4,5246759857
2017-12-25,4279,4454.4,5246759857
2017-12-26,4287,3942.4,5246759857
2017-12-27,4290,3148.8,5246759857
2017-12-28,4293,4070.4,5246759857
2017-12-29,4296,3942.4,5246759857
2017-12-30,4296,3942.4,5246759857
2017-12-31,4296,3942.4,5246759857
2018-01-01,4296,3942.4,5246759857
2018-01-02,4305,3609.6,5246759857
2018-01-03,4313,4966.4,5246759857
2018-01-04,4318,4147.2,5246759857
2018-01-05,4323,3763.2,5246759857
2018-01-06,4323,3763.2,5246759857
2018-01-07,4323,3763.2,5246759857
2018-01-08,4330,3251.2,5246759857
2018-01-09,4336,4889.6,5246759857
2018-01-10,4341,4736,5246759857
2018-01-11,4346,4300.8,5246759857
2018-01-12,4354,2918.4,5246759857
2018-01-13,4354,2918.4,5246759857
2018-01-14,4354,2918.4,5246759857
2018-01-15,4357,3072,5246759857
2018-01-16,4362,4915.2,5246759857
2018-01-17,4372,4608,5246759857
2018-01-18,4382,3865.6,5246759857
2018-01-19,4391,4864,5246759857
2018-01-20,4391,4864,5246759857
2018-01-21,4391,4864,5246759857
2018-01-22,4401,3993.6,5246759857
2018-01-23,4411,4992,5246759857
2018-01-24,4423,3891.2,5246759857
2018-01-25,4434,4992,5246759857
2018-01-26,4444,3916.8,5246759857
2018-01-27,4444,3916.8,5246759857
2018-01-28,4444,3916.8,5246759857
2018-01-29,4448,3635.2,5246759857
2018-01-30,4454,4940.8,5246759857
2018-01-31,4460,4428.8,5246759857
2018-02-01,4471,3788.8,5246759857
2018-02-02,4471,3788.8,5246759857
2018-02-03,4471,3788.8,5246759857
2018-02-04,4471,3788.8,5246759857
2018-02-05,4471,3788.8,5246759857
2018-02-06,4471,3788.8,5246759857
2018-02-07,4471,3788.8,5246759857
2018-02-08,4471,3788.8,5246759857
2018-02-09,4471,3788.8,5246759857
2018-02-10,4471,3788.8,5246759857
2018-02-11,4471,3788.8,5246759857
2018-02-12,4471,3788.8,5246759857
2018-02-13,4471,3788.8,5246759857
2018-02-14,4471,3788.8,5246759857
2018-02-15,4471,3788.8,5246759857
2018-02-16,4471,3788.8,5246759857
2018-02-17,4471,3788.8,5246759857
2018-02-18,4471,3788.8,5246759857
2018-02-19,4471,3788.8,5246759857
2018-02-20,4471,3788.8,5246759857
2018-02-21,4471,3788.8,5246759857
2018-02-22,4471,3788.8,5246759857
2018-02-23,4471,3788.8,5246759857
2018-02-24,4471,3788.8,5246759857
2018-02-25,4471,3788.8,5246759857
2018-02-26,4471,3788.8,5246759857
2018-02-27,4471,3788.8,5246759857
2018-02-28,4471,3788.8,5246759857
2018-03-01,4471,3788.8,5246759857
2018-03-02,4471,3788.8,5246759857
2018-03-03,4471,3788.8,5246759857
2018-03-04,4471,3788.8,5246759857
2018-03-05,4471,3788.8,5246759857
2018-03-06,4471,3788.8,5246759857
2018-03-07,4471,3788.8,5246759857
2018-03-08,4471,3788.8,5246759857
2018-03-09,4471,3788.8,5246759857
2018-03-10,4471,3788.8,5246759857
2018-03-11,4471,3788.8,5246759857
2018-03-12,4471,3788.8,5246759857
2018-03-13,4471,3788.8,5246759857
2018-03-14,4471,3788.8,5246759857
2018-03-15,4471,3788.8,5246759857
2018-03-16,4471,3788.8,5246759857
2018-03-17,4471,3788.8,5246759857
2018-03-18,4471,3788.8,5246759857
2018-03-19,4471,3788.8,5246759857
2018-03-20,4471,3788.8,5246759857
2018-03-21,4471,3788.8,5246759857
2018-03-22,4471,3788.8,5246759857
2018-03-23,4471,3788.8,5246759857
2018-03-24,4471,3788.8,5246759857
2018-03-25,4471,3788.8,5246759857
2018-03-26,4471,3788.8,5246759857
2018-03-27,4471,3788.8,5246759857
2018-03-28,4471,3788.8,5246759857
2018-03-29,4471,3788.8,5246759857
2017-12-20,1274,4300.8,2654264148
2017-12-21,1277,4096,2654264148
2017-12-22,1282,3788.8,2654264148
2017-12-23,1282,3788.8,2654264148
2017-12-24,1282,3788.8,2654264148
2017-12-25,1282,3788.8,2654264148
2017-12-26,1282,3788.8,2654264148
2017-12-27,1285,3430.4,2654264148
2017-12-28,1288,3225.6,2654264148
2017-12-29,1290,3686.4,2654264148
2017-12-30,1290,3686.4,2654264148
2017-12-31,1290,3686.4,2654264148
2018-01-01,1290,3686.4,2654264148
2018-01-02,1291,3558.4,2654264148
2018-01-03,1291,3353.6,2654264148
2018-01-04,1294,3225.6,2654264148
2018-01-05,1295,2867.2,2654264148
2018-01-06,1295,2867.2,2654264148
2018-01-07,1295,2867.2,2654264148
2018-01-08,1295,2867.2,2654264148
2018-01-09,1297,4787.2,2654264148
2018-01-10,1299,4531.2,2654264148
2018-01-11,1300,4172.8,2654264148
2018-01-12,1301,4070.4,2654264148
2018-01-13,1301,4070.4,2654264148
2018-01-14,1301,4070.4,2654264148
2018-01-15,1304,3942.4,2654264148
2018-01-16,1308,3737.6,2654264148
2018-01-17,1310,3276.8,2654264148
2018-01-18,1313,3865.6,2654264148
2018-01-19,1315,3814.4,2654264148
2018-01-20,1315,3814.4,2654264148
2018-01-21,1315,3814.4,2654264148
2018-01-22,1316,3609.6,2654264148
2018-01-23,1318,3507.2,2654264148
2018-01-24,1322,4710.4,2654264148
2018-01-25,1328,4326.4,2654264148
2018-01-26,1331,3660.8,2654264148
2018-01-27,1332,3251.2,2654264148
2018-01-28,1332,3251.2,2654264148
2018-01-29,1332,3251.2,2654264148
2018-01-30,1334,3148.8,2654264148
2018-01-31,1335,2969.6,2654264148
2018-02-01,1337,4787.2,2654264148
2018-02-02,1342,4556.8,2654264148
2018-02-03,1343,4121.6,2654264148
2018-02-04,1343,4121.6,2654264148
2018-02-05,1344,3942.4,2654264148
2018-02-06,1346,3865.6,2654264148
2018-02-07,1350,3609.6,2654264148
2018-02-08,1353,3225.6,2654264148
2018-02-09,1355,4864,2654264148
2018-02-10,1355,4864,2654264148
2018-02-11,1355,4864,2654264148
2018-02-12,1357,4812.8,2654264148
2018-02-13,1360,4582.4,2654264148
2018-02-14,1365,4019.2,2654264148
2018-02-15,1367,3635.2,2654264148
2018-02-16,1373,3404.8,2654264148
2018-02-17,1373,3404.8,2654264148
2018-02-18,1373,3404.8,2654264148
2018-02-19,1377,3712,2654264148
2018-02-20,1380,3404.8,2654264148
2018-02-21,1382,3097.6,2654264148
2018-02-22,1386,4889.6,2654264148
2018-02-23,1388,4608,2654264148
2018-02-24,1388,4608,2654264148
2018-02-25,1388,4608,2654264148
2018-02-26,1391,4352,2654264148
2018-02-27,1394,4096,2654264148
2018-02-28,1397,3814.4,2654264148
2018-03-01,1401,3865.6,2654264148
2018-03-02,1403,3174.4,2654264148
2018-03-03,1403,3174.4,2654264148
2018-03-04,1403,3174.4,2654264148
2018-03-05,1404,4172.8,2654264148
2018-03-06,1408,3968,2654264148
2018-03-07,1411,3584,2654264148
2018-03-08,1413,3251.2,2654264148
2018-03-09,1419,4761.6,2654264148
2018-03-10,1419,4761.6,2654264148
2018-03-11,1419,4761.6,2654264148
2018-03-12,1420,4352,2654264148
2018-03-13,1421,4224,2654264148
2018-03-14,1423,4070.4,2654264148
2018-03-15,1425,3737.6,2654264148
2018-03-16,1427,3507.2,2654264148
2018-03-17,1427,3507.2,2654264148
2018-03-18,1427,3507.2,2654264148
2018-03-19,1428,3302.4,2654264148
2018-03-20,1430,4915.2,2654264148
2018-03-21,1433,4889.6,2654264148
2018-03-22,1433,4531.2,2654264148
2018-03-23,1436,4403.2,2654264148
2018-03-24,1436,4403.2,2654264148
2018-03-25,1436,4403.2,2654264148
2018-03-26,1438,3891.2,2654264148
2018-03-27,1440,3840,2654264148
2018-03-28,1441,3584,2654264148
2018-03-29,1443,3430.4,2654264148
2017-12-20,1349,5017.6,3850565523
2017-12-21,1353,4275.2,3850565523
2017-12-22,1355,3660.8,3850565523
2017-12-23,1355,3660.8,3850565523
2017-12-24,1355,3660.8,3850565523
2017-12-25,1355,3660.8,3850565523
2017-12-26,1359,3072,3850565523
2017-12-27,1362,5017.6,3850565523
2017-12-28,1367,4736,3850565523
2017-12-29,1373,3942.4,3850565523
2017-12-30,1373,3942.4,3850565523
2017-12-31,1373,3942.4,3850565523
2018-01-01,1373,3942.4,3850565523
2018-01-02,1378,5017.6,3850565523
2018-01-03,1382,4761.6,3850565523
2018-01-04,1385,4275.2,3850565523
2018-01-05,1390,3737.6,3850565523
2018-01-06,1390,3737.6,3850565523
2018-01-07,1390,3737.6,3850565523
2018-01-08,1395,5017.6,3850565523
2018-01-09,1400,4505.6,3850565523
2018-01-10,1405,4940.8,3850565523
2018-01-11,1411,4761.6,3850565523
2018-01-12,1416,3891.2,3850565523
2018-01-13,1416,3891.2,3850565523
2018-01-14,1416,3891.2,3850565523
2018-01-15,1423,4864,3850565523
2018-01-16,1427,4275.2,3850565523
2018-01-17,1432,3660.8,3850565523
2018-01-18,1437,5017.6,3850565523
2018-01-19,1440,4556.8,3850565523
2018-01-20,1440,4556.8,3850565523
2018-01-21,1440,4556.8,3850565523
2018-01-22,1447,3814.4,3850565523
2018-01-23,1453,5017.6,3850565523
2018-01-24,1457,4096,3850565523
2018-01-25,1459,3609.6,3850565523
2018-01-26,1465,5017.6,3850565523
2018-01-27,1465,5017.6,3850565523
2018-01-28,1465,5017.6,3850565523
2018-01-29,1471,4480,3850565523
2018-01-30,1475,3660.8,3850565523
2018-01-31,1482,5017.6,3850565523
2018-02-01,1487,4403.2,3850565523
2018-02-02,1492,3609.6,3850565523
2018-02-03,1492,3609.6,3850565523
2018-02-04,1492,3609.6,3850565523
2018-02-05,1499,4736,3850565523
2018-02-06,1506,3558.4,3850565523
2018-02-07,1512,5017.6,3850565523
2018-02-08,1517,4044.8,3850565523
2018-02-09,1521,3302.4,3850565523
2018-02-10,1521,3302.4,3850565523
2018-02-11,1521,3302.4,3850565523
2018-02-12,1526,5017.6,3850565523
2018-02-13,1531,4403.2,3850565523
2018-02-14,1536,4070.4,3850565523
2018-02-15,1539,3328,3850565523
2018-02-16,1542,4940.8,3850565523
2018-02-17,1542,4940.8,3850565523
2018-02-18,1542,4940.8,3850565523
2018-02-19,1546,4889.6,3850565523
2018-02-20,1549,4428.8,3850565523
2018-02-21,1554,3737.6,3850565523
2018-02-22,1558,5017.6,3850565523
2018-02-23,1561,4966.4,3850565523
2018-02-24,1561,4966.4,3850565523
2018-02-25,1561,4966.4,3850565523
2018-02-26,1567,4070.4,3850565523
2018-02-27,1571,3200,3850565523
2018-02-28,1575,5017.6,3850565523
2018-03-01,1581,4505.6,3850565523
2018-03-02,1584,3840,3850565523
2018-03-03,1584,3840,3850565523
2018-03-04,1584,3840,3850565523
2018-03-05,1587,3481.6,3850565523
2018-03-06,1591,5017.6,3850565523
2018-03-07,1595,4736,3850565523
2018-03-08,1601,4147.2,3850565523
2018-03-09,1607,5017.6,3850565523
2018-03-10,1607,5017.6,3850565523
2018-03-11,1607,5017.6,3850565523
2018-03-12,1612,4556.8,3850565523
2018-03-13,1617,4096,3850565523
2018-03-14,1621,5043.2,3850565523
2018-03-15,1622,5017.6,3850565523
2018-03-16,1625,4838.4,3850565523
2018-03-17,1625,4838.4,3850565523
2018-03-18,1625,4838.4,3850565523
2018-03-19,1630,4198.4,3850565523
2018-03-20,1637,3660.8,3850565523
2018-03-21,1642,5043.2,3850565523
2018-03-22,1647,4326.4,3850565523
2018-03-23,1653,3558.4,3850565523
2018-03-24,1653,3558.4,3850565523
2018-03-25,1653,3558.4,3850565523
2018-03-26,1657,5017.6,3850565523
2018-03-27,1663,4480,3850565523
2018-03-28,1666,3584,3850565523
2018-03-29,1672,5017.6,3850565523
2017-12-20,2514,4966.4,5452766296
2017-12-21,2519,4940.8,5452766296
2017-12-22,2525,4275.2,5452766296
2017-12-23,2525,4275.2,5452766296
2017-12-24,2525,4275.2,5452766296
2017-12-25,2525,4275.2,5452766296
2017-12-26,2525,4275.2,5452766296
2017-12-27,2533,3686.4,5452766296
2017-12-28,2539,3558.4,5452766296
2017-12-29,2544,3353.6,5452766296
2017-12-30,2544,3353.6,5452766296
2017-12-31,2544,3353.6,5452766296
2018-01-01,2544,3353.6,5452766296
2018-01-02,2551,4992,5452766296
2018-01-03,2559,4864,5452766296
2018-01-04,2566,3968,5452766296
2018-01-05,2572,4992,5452766296
2018-01-06,2572,4992,5452766296
2018-01-07,2572,4992,5452766296
2018-01-08,2581,4915.2,5452766296
2018-01-09,2586,4044.8,5452766296
2018-01-10,2593,4736,5452766296
2018-01-11,2599,4864,5452766296
2018-01-12,2604,4198.4,5452766296
2018-01-13,2604,4198.4,5452766296
2018-01-14,2604,4198.4,5452766296
2018-01-15,2612,4992,5452766296
2018-01-16,2620,4915.2,5452766296
2018-01-17,2627,4044.8,5452766296
2018-01-18,2634,4992,5452766296
2018-01-19,2638,4761.6,5452766296
2018-01-20,2638,4761.6,5452766296
2018-01-21,2638,4761.6,5452766296
2018-01-22,2646,4224,5452766296
2018-01-23,2653,4992,5452766296
2018-01-24,2658,4736,5452766296
2018-01-25,2665,4096,5452766296
2018-01-26,2670,3353.6,5452766296
2018-01-27,2670,3353.6,5452766296
2018-01-28,2670,3353.6,5452766296
2018-01-29,2678,4761.6,5452766296
2018-01-30,2683,3763.2,5452766296
2018-01-31,2693,4812.8,5452766296
2018-02-01,2693,4480,5452766296
2018-02-02,2694,4454.4,5452766296
2018-02-03,2694,4454.4,5452766296
2018-02-04,2694,4454.4,5452766296
2018-02-05,2701,4326.4,5452766296
2018-02-06,2708,3430.4,5452766296
2018-02-07,2715,4761.6,5452766296
2018-02-08,2722,4019.2,5452766296
2018-02-09,2728,4915.2,5452766296
2018-02-10,2728,4915.2,5452766296
2018-02-11,2728,4915.2,5452766296
2018-02-12,2736,4659.2,5452766296
2018-02-13,2741,3814.4,5452766296
2018-02-14,2748,4966.4,5452766296
2018-02-15,2754,4838.4,5452766296
2018-02-16,2760,4198.4,5452766296
2018-02-17,2760,4198.4,5452766296
2018-02-18,2760,4198.4,5452766296
2018-02-19,2768,3635.2,5452766296
2018-02-20,2777,4940.8,5452766296
2018-02-21,2787,4019.2,5452766296
2018-02-22,2796,4966.4,5452766296
2018-02-23,2802,4147.2,5452766296
2018-02-24,2802,4147.2,5452766296
2018-02-25,2802,4147.2,5452766296
2018-02-26,2808,4966.4,5452766296
2018-02-27,2815,4659.2,5452766296
2018-02-28,2823,3968,5452766296
2018-03-01,2828,4966.4,5452766296
2018-03-02,2834,4940.8,5452766296
2018-03-03,2834,4940.8,5452766296
2018-03-04,2834,4940.8,5452766296
2018-03-05,2842,4121.6,5452766296
2018-03-06,2850,4864,5452766296
2018-03-07,2858,4736,5452766296
2018-03-08,2865,3891.2,5452766296
2018-03-09,2871,4940.8,5452766296
2018-03-10,2871,4940.8,5452766296
2018-03-11,2871,4940.8,5452766296
2018-03-12,2879,4428.8,5452766296
2018-03-13,2887,4940.8,5452766296
2018-03-14,2895,4915.2,5452766296
2018-03-15,2902,4172.8,5452766296
2018-03-16,2908,4966.4,5452766296
2018-03-17,2908,4966.4,5452766296
2018-03-18,2908,4966.4,5452766296
2018-03-19,2914,4633.6,5452766296
2018-03-20,2922,4966.4,5452766296
2018-03-21,2930,4889.6,5452766296
2018-03-22,2936,4019.2,5452766296
2018-03-23,2943,3993.6,5452766296
2018-03-24,2943,3993.6,5452766296
2018-03-25,2943,3993.6,5452766296
2018-03-26,2951,4966.4,5452766296
2018-03-27,2959,4403.2,5452766296
2018-03-28,2967,4966.4,5452766296
2018-03-29,2973,4761.6,5452766296
2017-12-20,1514,4776,5452799100
2017-12-21,1514,4776,5452799100
2017-12-22,1514,4776,5452799100
2017-12-23,1514,4776,5452799100
2017-12-24,1514,4776,5452799100
2017-12-25,1514,4776,5452799100
2017-12-26,1514,4776,5452799100
2017-12-27,1514,4776,5452799100
2017-12-28,1514,4776,5452799100
2017-12-29,1514,4776,5452799100
2017-12-30,1514,4776,5452799100
2017-12-31,1514,4776,5452799100
2018-01-01,1514,4776,5452799100
2018-01-02,1514,4776,5452799100
2018-01-03,1514,4776,5452799100
2018-01-04,1514,4776,5452799100
2018-01-05,1514,4776,5452799100
2018-01-06,1514,4776,5452799100
2018-01-07,1514,4776,5452799100
2018-01-08,1514,4776,5452799100
2018-01-09,1514,4776,5452799100
2018-01-10,1514,4776,5452799100
2018-01-11,1514,4776,5452799100
2018-01-12,1514,4776,5452799100
2018-01-13,1514,4776,5452799100
2018-01-14,1514,4776,5452799100
2018-01-15,1514,4776,5452799100
2018-01-16,1514,4776,5452799100
2018-01-17,1514,4776,5452799100
2018-01-18,1514,4776,5452799100
2018-01-19,1514,4776,5452799100
2018-01-20,1514,4776,5452799100
2018-01-21,1514,4776,5452799100
2018-01-22,1514,4776,5452799100
2018-01-23,1514,4776,5452799100
2018-01-24,1514,4776,5452799100
2018-01-25,1514,4776,5452799100
2018-01-26,1514,4776,5452799100
2018-01-27,1514,4776,5452799100
2018-01-28,1514,4776,5452799100
2018-01-29,1514,4776,5452799100
2018-01-30,1514,4776,5452799100
2018-01-31,1514,4776,5452799100
2018-02-01,1514,4776,5452799100
2018-02-02,1514,4776,5452799100
2018-02-03,1514,4776,5452799100
2018-02-04,1514,4776,5452799100
2018-02-05,1514,4776,5452799100
2018-02-06,1514,4776,5452799100
2018-02-07,1514,4776,5452799100
2018-02-08,1514,4776,5452799100
2018-02-09,1514,4776,5452799100
2018-02-10,1514,4776,5452799100
2018-02-11,1514,4776,5452799100
2018-02-12,1514,4776,5452799100
2018-02-13,1514,4776,5452799100
2018-02-14,1514,4776,5452799100
2018-02-15,1514,4776,5452799100
2018-02-16,1514,4776,5452799100
2018-02-17,1514,4776,5452799100
2018-02-18,1514,4776,5452799100
2018-02-19,1514,4776,5452799100
2018-02-20,1514,4776,5452799100
2018-02-21,1514,4776,5452799100
2018-02-22,1514,4776,5452799100
2018-02-23,1514,4776,5452799100
2018-02-24,1514,4776,5452799100
2018-02-25,1514,4776,5452799100
2018-02-26,1514,4776,5452799100
2018-02-27,1514,4776,5452799100
2018-02-28,1514,4776,5452799100
2018-03-01,1514,4776,5452799100
2018-03-02,1514,4776,5452799100
2018-03-03,1514,4776,5452799100
2018-03-04,1514,4776,5452799100
2018-03-05,1514,4776,5452799100
2018-03-06,1514,4776,5452799100
2018-03-07,1514,4776,5452799100
2018-03-08,1514,4776,5452799100
2018-03-09,1514,4776,5452799100
2018-03-10,1514,4776,5452799100
2018-03-11,1514,4776,5452799100
2018-03-12,1514,4776,5452799100
2018-03-13,1514,4776,5452799100
2018-03-14,1514,4776,5452799100
2018-03-15,1514,4776,5452799100
2018-03-16,1514,4776,5452799100
2018-03-17,1514,4776,5452799100
2018-03-18,1514,4776,5452799100
2018-03-19,1514,4776,5452799100
2018-03-20,1514,4776,5452799100
2018-03-21,1514,4776,5452799100
2018-03-22,1514,4776,5452799100
2018-03-23,1514,4776,5452799100
2018-03-24,1514,4776,5452799100
2018-03-25,1514,4776,5452799100
2018-03-26,1514,4776,5452799100
2018-03-27,1514,4776,5452799100
2018-03-28,1514,4776,5452799100
2018-03-29,1514,4776,5452799100
2017-12-20,2550,4138,5452799200
2017-12-21,2551,4139,5452799200
2017-12-22,2552,4140,5452799200
2017-12-23,2553,4141,5452799200
2017-12-24,2554,4142,5452799200
2017-12-25,2555,4143,5452799200
2017-12-26,2556,4144,5452799200
2017-12-27,2557,4145,5452799200
2017-12-28,2558,4146,5452799200
2017-12-29,2559,4147,5452799200
2017-12-30,2560,4148,5452799200
2017-12-31,2561,4149,5452799200
2018-01-01,2562,4150,5452799200
2018-01-02,2563,4151,5452799200
2018-01-03,2564,4152,5452799200
2018-01-04,2565,4153,5452799200
2018-01-05,2566,4154,5452799200
2018-01-06,2567,4155,5452799200
2018-01-07,2568,4156,5452799200
2018-01-08,2569,4157,5452799200
2018-01-09,2570,4158,5452799200
2018-01-10,2571,4159,5452799200
2018-01-11,2572,4160,5452799200
2018-01-12,2573,4161,5452799200
2018-01-13,2574,4162,5452799200
2018-01-14,2575,4163,5452799200
2018-01-15,2576,4164,5452799200
2018-01-16,2577,4165,5452799200
2018-01-17,2578,4166,5452799200
2018-01-18,2579,4167,5452799200
2018-01-19,2580,4168,5452799200
2018-01-20,2581,4169,5452799200
2018-01-21,2582,4170,5452799200
2018-01-22,2583,4171,5452799200
2018-01-23,2584,4172,5452799200
2018-01-24,2585,4173,5452799200
2018-01-25,2586,4174,5452799200
2018-01-26,2587,4175,5452799200
2018-01-27,2588,4176,5452799200
2018-01-28,2589,4177,5452799200
2018-01-29,2590,4178,5452799200
2018-01-30,2591,4179,5452799200
2018-01-31,2592,4180,5452799200
2018-02-01,2593,4181,5452799200
2018-02-02,2594,4182,5452799200
2018-02-03,1096,4183,5452799200
2018-02-04,1088,4184,5452799200
2018-02-05,1080,4185,5452799200
2018-02-06,1072,4186,5452799200
2018-02-07,1064,4187,5452799200
2018-02-08,1056,4188,5452799200
2018-02-09,1048,4189,5452799200
2018-02-10,1040,4190,5452799200
2018-02-11,1032,4191,5452799200
2018-02-12,1024,4192,5452799200
2018-02-13,1016,4193,5452799200
2018-02-14,1008,4194,5452799200
2018-02-15,1000,4195,5452799200
2018-02-16,992,4196,5452799200
2018-02-17,984,4197,5452799200
2018-02-18,976,4198,5452799200
2018-02-19,968,4199,5452799200
2018-02-20,960,4200,5452799200
2018-02-21,952,4201,5452799200
2018-02-22,944,4202,5452799200
2018-02-23,936,4203,5452799200
2018-02-24,928,4204,5452799200
2018-02-25,920,4205,5452799200
2018-02-26,912,4206,5452799200
2018-02-27,904,4207,5452799200
2018-02-28,896,4208,5452799200
2018-03-01,888,4209,5452799200
2018-03-02,880,4210,5452799200
2018-03-03,872,4211,5452799200
2018-03-04,864,4212,5452799200
2018-03-05,856,4213,5452799200
2018-03-06,848,4214,5452799200
2018-03-07,840,4215,5452799200
2018-03-08,832,4216,5452799200
2018-03-09,824,4217,5452799200
2018-03-10,816,4218,5452799200
2018-03-11,808,4219,5452799200
2018-03-12,800,4220,5452799200
2018-03-13,792,4221,5452799200
2018-03-14,784,4222,5452799200
2018-03-15,776,4223,5452799200
2018-03-16,768,4224,5452799200
2018-03-17,760,4225,5452799200
2018-03-18,2638,4226,5452799200
2018-03-19,2639,4227,5452799200
2018-03-20,2640,4228,5452799200
2018-03-21,2641,4229,5452799200
2018-03-22,2642,4230,5452799200
2018-03-23,2643,4231,5452799200
2018-03-24,2644,4232,5452799200
2018-03-25,2645,4233,5452799200
2018-03-26,2646,4234,5452799200
2018-03-27,2647,4235,5452799200
2018-03-28,2648,4236,5452799200
2018-03-29,2649,4237,5452799200
2017-12-20,1514,4776,5452799300
2017-12-21,1519,4776,5452799300
2017-12-22,1524,4776,5452799300
2017-12-23,1529,4776,5452799300
2017-12-24,1534,4776,5452799300
2017-12-25,1539,4776,5452799300
2017-12-26,1544,4776,5452799300
2017-12-27,1549,4776,5452799300
2017-12-28,1554,4776,5452799300
2017-12-29,1559,4776,5452799300
2017-12-30,1564,4776,5452799300
2017-12-31,1569,4776,5452799300
2018-01-01,1574,4776,5452799300
2018-01-02,1579,4776,5452799300
2018-01-03,1584,4776,5452799300
2018-01-04,1589,4776,5452799300
2018-01-05,1594,4776,5452799300
2018-01-06,1599,4776,5452799300
2018-01-07,1604,4776,5452799300
2018-01-08,1609,4776,5452799300
2018-01-09,1614,4776,5452799300
2018-01-10,1619,4776,5452799300
2018-01-11,1624,4776,5452799300
2018-01-12,1629,4776,5452799300
2018-01-13,1634,4776,5452799300
2018-01-14,0,4776,5452799300
2018-01-15,0,4776,5452799300
2018-01-16,1649,4776,5452799300
2018-01-17,1654,4776,5452799300
2018-01-18,1659,4776,5452799300
2018-01-19,1664,4776,5452799300
2018-01-20,1669,4776,5452799300
2018-01-21,1674,4776,5452799300
2018-01-22,1679,4776,5452799300
2018-01-23,1684,4776,5452799300
2018-01-24,1689,4776,5452799300
2018-01-25,1694,4776,5452799300
2018-01-26,1699,4776,5452799300
2018-01-27,1704,4776,5452799300
2018-01-28,1709,4776,5452799300
2018-01-29,1714,4776,5452799300
2018-01-30,1719,4776,5452799300
2018-01-31,1724,4776,5452799300
2018-02-01,1729,4776,5452799300
2018-02-02,1734,4776,5452799300
2018-02-03,1739,4776,5452799300
2018-02-04,1744,4776,5452799300
2018-02-05,1749,4776,5452799300
2018-02-06,1754,4776,5452799300
2018-02-07,1759,4776,5452799300
2018-02-08,1764,4776,5452799300
2018-02-09,1769,4776,5452799300
2018-02-10,1774,4776,5452799300
2018-02-11,1779,4776,5452799300
2018-02-12,1784,4776,5452799300
2018-02-13,1789,4776,5452799300
2018-02-14,1794,4776,5452799300
2018-02-15,1799,4776,5452799300
2018-02-16,1804,4776,5452799300
2018-02-17,1809,4776,5452799300
2018-02-18,1814,4776,5452799300
2018-02-19,1819,4776,5452799300
2018-02-20,1824,4776,5452799300
2018-02-21,1829,4776,5452799300
2018-02-22,1834,4776,5452799300
2018-02-23,1839,4776,5452799300
2018-02-24,1844,4776,5452799300
2018-02-25,1849,4776,5452799300
2018-02-26,1854,4776,5452799300
2018-02-27,1859,4776,5452799300
2018-02-28,1864,4776,5452799300
2018-03-01,1869,4776,5452799300
2018-03-02,1874,4776,5452799300
2018-03-03,1879,4776,5452799300
2018-03-04,1884,4776,5452799300
2018-03-05,1889,4776,5452799300
2018-03-06,1894,4776,5452799300
2018-03-07,1899,4776,5452799300
2018-03-08,1904,4776,5452799300
2018-03-09,19090,4776,5452799300
2018-03-10,19140,4776,5452799300
2018-03-11,1919,4776,5452799300
2018-03-12,1924,4776,5452799300
2018-03-13,1929,4776,5452799300
2018-03-14,1934,4776,5452799300
2018-03-15,1939,4776,5452799300
2018-03-16,1944,4776,5452799300
2018-03-17,1949,4776,5452799300
2018-03-18,1954,4776,5452799300
2018-03-19,1959,4776,5452799300
2018-03-20,1964,4776,5452799300
2018-03-21,1969,4776,5452799300
2018-03-22,1974,4776,5452799300
2018-03-23,1979,4776,5452799300
2018-03-24,1984,4776,5452799300
2018-03-25,1989,4776,5452799300
2018-03-26,1994,4776,5452799300
2018-03-27,1999,4776,5452799300
2018-03-28,2004,4776,5452799300
2018-03-29,2009,4776,5452799300
2017-12-20,10356,3916,5452799400
2017-12-21,10386,3980,5452799400
2017-12-22,10416,3916,5452799400
2017-12-23,10446,3980,5452799400
2017-12-24,10476,3917,5452799400
2017-12-25,10506,3981,5452799400
2017-12-26,10536,3917,5452799400
2017-12-27,10566,3981,5452799400
2017-12-28,10596,3918,5452799400
2017-12-29,10626,3982,5452799400
2017-12-30,10656,3918,5452799400
2017-12-31,10686,3982,5452799400
2018-01-01,10716,3919,5452799400
2018-01-02,10746,3917,5452799400
2018-01-03,10776,3981,5452799400
2018-01-04,10806,3917,5452799400
2018-01-05,10836,3981,5452799400
2018-01-06,10866,3918,5452799400
2018-01-07,10896,3982,5452799400
2018-01-08,10926,3918,5452799400
2018-01-09,10956,3982,5452799400
2018-01-10,10986,3919,5452799400
2018-01-11,11016,3983,5452799400
2018-01-12,11046,3919,5452799400
2018-01-13,11076,3983,5452799400
2018-01-14,11106,3920,5452799400
2018-01-15,11136,3918,5452799400
2018-01-16,11166,3982,5452799400
2018-01-17,11196,3918,5452799400
2018-01-18,11226,3982,5452799400
2018-01-19,11256,3919,5452799400
2018-01-20,11286,3983,5452799400
2018-01-21,11316,3919,5452799400
2018-01-22,11346,3983,5452799400
2018-01-23,11376,3920,5452799400
2018-01-24,11406,3984,5452799400
2018-01-25,11436,3917,5452799400
2018-01-26,11466,3981,5452799400
2018-01-27,11496,3917,5452799400
2018-01-28,11526,3981,5452799400
2018-01-29,11556,3918,5452799400
2018-01-30,11586,3982,5452799400
2018-01-31,11616,3918,5452799400
2018-02-01,11646,3982,5452799400
2018-02-02,11676,3919,5452799400
2018-02-03,11706,3983,5452799400
2018-02-04,11736,3919,5452799400
2018-02-05,11766,3983,5452799400
2018-02-06,11796,3920,5452799400
2018-02-07,11826,3918,5452799400
2018-02-08,11856,3982,5452799400
2018-02-09,11886,3918,5452799400
2018-02-10,11916,3982,5452799400
2018-02-11,11946,3919,5452799400
2018-02-12,11976,3983,5452799400
2018-02-13,12006,3919,5452799400
2018-02-14,12036,3983,5452799400
2018-02-15,12066,3920,5452799400
2018-02-16,12096,3984,5452799400
2018-02-17,12126,3920,5452799400
2018-02-18,12156,3984,5452799400
2018-02-19,12186,3921,5452799400
2018-02-20,12216,3919,5452799400
2018-02-21,12246,3983,5452799400
2018-02-22,12276,3919,5452799400
2018-02-23,12306,3983,5452799400
2018-02-24,12336,3920,5452799400
2018-02-25,12366,3984,5452799400
2018-02-26,12396,3920,5452799400
2018-02-27,12426,3984,5452799400
2018-02-28,12456,3921,5452799400
2018-03-01,12486,3985,5452799400
2018-03-02,12516,3918,5452799400
2018-03-03,12546,3982,5452799400
2018-03-04,12576,3918,5452799400
2018-03-05,12606,3982,5452799400
2018-03-06,12636,3919,5452799400
2018-03-07,12666,3983,5452799400
2018-03-08,12696,3919,5452799400
2018-03-09,12726,3983,5452799400
2018-03-10,12756,3920,5452799400
2018-03-11,12786,3984,5452799400
2018-03-12,12816,3920,5452799400
2018-03-13,12846,3984,5452799400
2018-03-14,12876,3921,5452799400
2018-03-15,12906,3919,5452799400
2018-03-16,12936,3983,5452799400
2018-03-17,12966,3919,5452799400
2018-03-18,12996,3983,5452799400
2018-03-19,13026,3920,5452799400
2018-03-20,13056,3984,5452799400
2018-03-21,13086,3920,5452799400
2018-03-22,13116,3984,5452799400
2018-03-23,13146,3921,5452799400
2018-03-24,13176,3985,5452799400
2018-03-25,13206,3921,5452799400
2018-03-26,13236,3985,5452799400
2018-03-27,13266,3922,5452799400
2018-03-28,13296,3920,5452799400
2018-03-29,13326,3984,5452799400
